{
  "knn_accuracy": 0.8581314878892734,
  "knn_f1": 0.8576096930564563,
  "knn_sensitivity": 0.7986,
  "knn_specificity": 0.9172,
  "rmse": 1.24993375403406,
  "mae": 0.44827431485612007,
  "total_reviews": 16598,
  "english_reviews": 3312,
  "unique_users": 349,
  "unique_books": 11,
  "sentiment_distribution": {
    "positive": 81.7,
    "negative": 4.3,
    "undecided": 14.0
  }
}